image,label
image_1.png,1
image_2.png,1
image_3.png,1
image_4.png,1
image_5.png,1
image_6.png,1
image_7.png,1
image_8.png,1
image_9.png,1
image_10.png,1
image_11.png,1
image_12.png,1
image_13.png,1
image_14.png,1
image_15.png,1
image_16.png,1
image_17.png,1
image_18.png,1
image_19.png,1
image_20.png,1
image_21.png,1
image_22.png,1
image_23.png,1
image_24.png,1
image_25.png,1
image_26.png,1
image_27.png,1
image_28.png,1
image_29.png,1
image_30.png,1
image_31.png,1
image_32.png,1
image_33.png,1
image_34.png,1
image_35.png,1
image_36.png,1
image_37.png,1
image_38.png,1
image_39.png,1
image_40.png,1
image_41.png,1
image_42.png,1
image_43.png,1
image_44.png,1
image_45.png,1
image_46.png,1
image_47.png,1
image_48.png,1
image_49.png,1
image_50.png,1
image_51.png,1
image_52.png,1
image_53.png,1
image_54.png,1
image_55.png,1
image_56.png,1
image_57.png,1
image_58.png,1
image_59.png,1
image_60.png,1
image_61.png,1
image_62.png,1
image_63.png,1
image_64.png,1
image_65.png,1
image_66.png,1
image_67.png,1
image_68.png,1
image_69.png,1
image_70.png,1
image_71.png,1
image_72.png,1
image_73.png,1
image_74.png,1
image_75.png,1
image_76.png,1
image_77.png,1
image_78.png,1
image_79.png,1
image_80.png,1
image_81.png,1
image_82.png,1
image_83.png,1
image_84.png,1
image_85.png,1
image_86.png,1
image_87.png,1
image_88.png,1
image_89.png,1
image_90.png,1
image_91.png,1
image_92.png,1
image_93.png,1
image_94.png,1
image_95.png,1
image_96.png,1
image_97.png,1
image_98.png,1
image_99.png,1
image_100.png,1
image_101.png,1
image_102.png,1
image_103.png,1
image_104.png,1
image_105.png,1
image_106.png,1
image_107.png,1
image_108.png,1
image_109.png,1
image_110.png,1
image_111.png,1
image_112.png,1
image_113.png,1
image_114.png,1
image_115.png,1
image_116.png,1
image_117.png,1
image_118.png,1
image_119.png,1
image_120.png,1
image_121.png,1
image_122.png,1
image_123.png,1
image_124.png,1
image_125.png,1
image_126.png,1
image_127.png,1
image_128.png,1
image_129.png,1
image_130.png,1
image_131.png,1
image_132.png,1
image_133.png,1
image_134.png,1
image_135.png,1
image_136.png,1
image_137.png,1
image_138.png,1
image_139.png,1
image_140.png,1
image_141.png,1
image_142.png,1
image_143.png,1
image_144.png,1
image_145.png,1
image_146.png,1
image_147.png,1
image_148.png,1
image_149.png,1
image_150.png,1
image_151.png,1
image_152.png,1
image_153.png,1
image_154.png,1
image_155.png,1
image_156.png,1
image_157.png,1
image_158.png,1
image_159.png,1
image_160.png,1
image_161.png,1
image_162.png,1
image_163.png,1
image_164.png,1
image_165.png,1
image_166.png,1
image_167.png,1
image_168.png,1
image_169.png,1
image_170.png,1
image_171.png,1
image_172.png,1
image_173.png,1
image_174.png,1
image_175.png,1
image_176.png,1
image_177.png,1
image_178.png,1
image_179.png,1
image_180.png,1
image_181.png,1
image_182.png,1
image_183.png,1
image_184.png,1
image_185.png,1
image_186.png,1
image_187.png,1
image_188.png,1
image_189.png,1
image_190.png,1
image_191.png,1
image_192.png,1
image_193.png,1
image_194.png,1
image_195.png,1
image_196.png,1
image_197.png,1
image_198.png,1
image_199.png,1
image_200.png,1
image_201.png,1
image_202.png,1
image_203.png,1
image_204.png,1
image_205.png,1
image_206.png,1
image_207.png,1
image_208.png,1
image_209.png,1
image_210.png,1
image_211.png,1
image_212.png,1
image_213.png,1
image_214.png,1
image_215.png,1
image_216.png,1
image_217.png,1
image_218.png,1
image_219.png,1
image_220.png,1
image_221.png,1
image_222.png,1
image_223.png,1
image_224.png,1
image_225.png,1
image_226.png,1
image_227.png,1
image_228.png,1
image_229.png,1
image_230.png,1
image_231.png,1
image_232.png,1
image_233.png,1
image_234.png,1
image_235.png,1
image_236.png,1
image_237.png,1
image_238.png,1
image_239.png,1
image_240.png,1
image_241.png,1
image_242.png,1
image_243.png,1
image_244.png,1
image_245.png,1
image_246.png,1
image_247.png,1
image_248.png,1
image_249.png,1
image_250.png,1
image_251.png,1
image_252.png,1
image_253.png,1
image_254.png,1
image_255.png,1
image_256.png,1
image_257.png,1
image_258.png,1
image_259.png,1
image_260.png,1
image_261.png,1
image_262.png,1
image_263.png,1
image_264.png,1
image_265.png,1
image_266.png,1
image_267.png,1
image_268.png,1
image_269.png,1
image_270.png,1
image_271.png,1
image_272.png,1
image_273.png,1
image_274.png,1
image_275.png,1
image_276.png,1
image_277.png,1
image_278.png,1
image_279.png,1
image_280.png,1
image_281.png,1
image_282.png,1
image_283.png,1
image_284.png,1
image_285.png,1
image_286.png,1
image_287.png,1
image_288.png,1
image_289.png,1
image_290.png,1
image_291.png,1
image_292.png,1
image_293.png,1
image_294.png,1
image_295.png,1
image_296.png,1
image_297.png,1
image_298.png,1
image_299.png,1
image_300.png,1
image_301.png,1
image_302.png,1
image_303.png,1
image_304.png,1
image_305.png,1
image_306.png,1
image_307.png,1
image_308.png,1
image_309.png,1
image_310.png,1
image_311.png,1
image_312.png,1
image_313.png,1
image_314.png,1
image_315.png,1
image_316.png,1
image_317.png,1
image_318.png,1
image_319.png,1
image_320.png,1
image_321.png,1
image_322.png,1
image_323.png,1
image_324.png,1
image_325.png,1
image_326.png,1
image_327.png,1
image_328.png,1
image_329.png,1
image_330.png,1
image_331.png,1
image_332.png,1
image_333.png,1
image_334.png,1
image_335.png,1
image_336.png,1
image_337.png,1
image_338.png,1
image_339.png,1
image_340.png,1
image_341.png,1
image_342.png,1
image_343.png,1
image_344.png,1
image_345.png,1
image_346.png,1
image_347.png,1
image_348.png,1
image_349.png,1
image_350.png,1
image_351.png,1
image_352.png,1
image_353.png,1
image_354.png,1
image_355.png,1
image_356.png,1
image_357.png,1
image_358.png,1
image_359.png,1
image_360.png,1
image_361.png,1
image_362.png,1
image_363.png,1
image_364.png,1
image_365.png,1
image_366.png,1
image_367.png,1
image_368.png,1
image_369.png,1
image_370.png,1
image_371.png,1
image_372.png,1
image_373.png,1
image_374.png,1
image_375.png,1
image_376.png,1
image_377.png,1
image_378.png,1
image_379.png,1
image_380.png,1
image_381.png,1
image_382.png,1
image_383.png,1
image_384.png,1
image_385.png,1
image_386.png,1
image_387.png,1
image_388.png,1
image_389.png,1
image_390.png,1
image_391.png,1
image_392.png,1
image_393.png,1
image_394.png,1
image_395.png,1
image_396.png,1
image_397.png,1
image_398.png,1
image_399.png,1
image_400.png,1
image_401.png,1
image_402.png,1
image_403.png,1
image_404.png,1
image_405.png,1
image_406.png,1
image_407.png,1
image_408.png,1
image_409.png,1
image_410.png,1
image_411.png,1
image_412.png,1
image_413.png,1
image_414.png,1
image_415.png,1
image_416.png,1
image_417.png,1
image_418.png,1
image_419.png,1
image_420.png,1
image_421.png,1
image_422.png,1
image_423.png,1
image_424.png,1
image_425.png,1
image_426.png,1
image_427.png,1
image_428.png,1
image_429.png,1
image_430.png,1
image_431.png,1
image_432.png,1
image_433.png,1
image_434.png,1
image_435.png,1
image_436.png,1
image_437.png,1
image_438.png,1
image_439.png,1
image_440.png,1
image_441.png,1
image_442.png,1
image_443.png,1
image_444.png,1
image_445.png,1
image_446.png,1
image_447.png,1
image_448.png,1
image_449.png,1
image_450.png,1
image_451.png,1
image_452.png,1
image_453.png,1
image_454.png,1
image_455.png,1
image_456.png,1
image_457.png,1
image_458.png,1
image_459.png,1
image_460.png,1
image_461.png,1
image_462.png,1
image_463.png,1
image_464.png,1
image_465.png,1
image_466.png,1
image_467.png,1
image_468.png,1
image_469.png,1
image_470.png,1
image_471.png,1
image_472.png,1
image_473.png,1
image_474.png,1
image_475.png,1
image_476.png,1
image_477.png,1
image_478.png,1
image_479.png,1
image_480.png,1
image_481.png,1
image_482.png,1
image_483.png,1
image_484.png,1
image_485.png,1
image_486.png,1
image_487.png,1
image_488.png,1
image_489.png,1
image_490.png,1
image_491.png,1
image_492.png,1
image_493.png,1
image_494.png,1
image_495.png,1
image_496.png,1
image_497.png,1
image_498.png,1
image_499.png,1
image_500.png,1
image_501.png,1
image_502.png,1
image_503.png,1
image_504.png,1
image_505.png,1
image_506.png,1
image_507.png,1
image_508.png,1
image_509.png,1
image_510.png,1
image_511.png,1
image_512.png,1
image_513.png,1
image_514.png,1
image_515.png,1
image_516.png,1
image_517.png,1
image_518.png,1
image_519.png,1
image_520.png,1
image_521.png,1
image_522.png,1
image_523.png,1
image_524.png,1
image_525.png,1
image_526.png,1
image_527.png,1
image_528.png,1
image_529.png,1
image_530.png,1
image_531.png,1
image_532.png,1
image_533.png,1
image_534.png,1
image_535.png,1
image_536.png,1
image_537.png,1
image_538.png,1
image_539.png,1
image_540.png,1
image_541.png,1
image_542.png,1
image_543.png,1
image_544.png,1
image_545.png,1
image_546.png,1
image_547.png,1
image_548.png,1
image_549.png,1
image_550.png,1
image_551.png,1
image_552.png,1
image_553.png,1
image_554.png,1
image_555.png,1
image_556.png,1
image_557.png,1
image_558.png,1
image_559.png,1
image_560.png,1
image_561.png,1
image_562.png,1
image_563.png,1
image_564.png,1
image_565.png,1
image_566.png,1
image_567.png,1
image_568.png,1
image_569.png,1
image_570.png,1
image_571.png,1
image_572.png,1
image_573.png,1
image_574.png,1
image_575.png,1
image_576.png,1
image_577.png,1
image_578.png,1
image_579.png,1
image_580.png,1
image_581.png,1
image_582.png,1
image_583.png,1
image_584.png,1
image_585.png,1
image_586.png,1
image_587.png,1
image_588.png,1
image_589.png,1
image_590.png,1
image_591.png,1
image_592.png,1
image_593.png,1
image_594.png,1
image_595.png,1
image_596.png,1
image_597.png,1
image_598.png,1
image_599.png,1
image_600.png,1
image_601.png,1
image_602.png,1
image_603.png,1
image_604.png,1
image_605.png,1
image_606.png,1
image_607.png,1
image_608.png,1
image_609.png,1
image_610.png,1
image_611.png,1
image_612.png,1
image_613.png,1
image_614.png,1
image_615.png,1
image_616.png,1
image_617.png,1
image_618.png,1
image_619.png,1
image_620.png,1
image_621.png,1
image_622.png,1
image_623.png,1
image_624.png,1
image_625.png,1
image_626.png,1
image_627.png,1
image_628.png,1
image_629.png,1
image_630.png,1
image_631.png,1
image_632.png,1
image_633.png,1
image_634.png,1
image_635.png,1
image_636.png,1
image_637.png,1
image_638.png,1
image_639.png,1
image_640.png,1
image_641.png,1
image_642.png,1
image_643.png,1
image_644.png,1
image_645.png,1
image_646.png,1
image_647.png,1
image_648.png,1
image_649.png,1
image_650.png,1
image_651.png,1
image_652.png,1
image_653.png,1
image_654.png,1
image_655.png,1
image_656.png,1
image_657.png,1
image_658.png,1
image_659.png,1
image_660.png,1
image_661.png,1
image_662.png,1
image_663.png,1
image_664.png,1
image_665.png,1
image_666.png,1
image_667.png,1
image_668.png,1
image_669.png,1
image_670.png,1
image_671.png,1
image_672.png,1
image_673.png,1
image_674.png,1
image_675.png,1
image_676.png,1
image_677.png,1
image_678.png,1
image_679.png,1
image_680.png,1
image_681.png,1
image_682.png,1
image_683.png,1
image_684.png,1
image_685.png,1
image_686.png,1
image_687.png,1
image_688.png,1
image_689.png,1
image_690.png,1
image_691.png,1
image_692.png,1
image_693.png,1
image_694.png,1
image_695.png,1
image_696.png,1
image_697.png,1
image_698.png,1
image_699.png,1
image_700.png,1
image_701.png,1
image_702.png,1
image_703.png,1
image_704.png,1
image_705.png,1
image_706.png,1
image_707.png,1
image_708.png,1
image_709.png,1
image_710.png,1
image_711.png,1
image_712.png,1
image_713.png,1
image_714.png,1
image_715.png,1
image_716.png,1
image_717.png,1
image_718.png,1
image_719.png,1
image_720.png,1
image_721.png,1
image_722.png,1
image_723.png,1
image_724.png,1
image_725.png,1
image_726.png,1
image_727.png,1
image_728.png,1
image_729.png,1
image_730.png,1
image_731.png,1
image_732.png,1
image_733.png,1
image_734.png,1
image_735.png,1
image_736.png,1
image_737.png,1
image_738.png,1
image_739.png,1
image_740.png,1
image_741.png,1
image_742.png,1
image_743.png,1
image_744.png,1
image_745.png,1
image_746.png,1
image_747.png,1
image_748.png,1
image_749.png,1
image_750.png,1
image_751.png,1
image_752.png,1
image_753.png,1
image_754.png,1
image_755.png,1
image_756.png,1
image_757.png,1
image_758.png,1
image_759.png,1
image_760.png,1
image_761.png,1
image_762.png,1
image_763.png,1
image_764.png,1
image_765.png,1
image_766.png,1
image_767.png,1
image_768.png,1
image_769.png,1
image_770.png,1
image_771.png,1
image_772.png,1
image_773.png,1
image_774.png,1
image_775.png,1
image_776.png,1
image_777.png,1
image_778.png,1
image_779.png,1
image_780.png,1
image_781.png,1
image_782.png,1
image_783.png,1
image_784.png,1
image_785.png,1
image_786.png,1
image_787.png,1
image_788.png,1
image_789.png,1
image_790.png,1
image_791.png,1
image_792.png,1
image_793.png,1
image_794.png,1
image_795.png,1
image_796.png,1
image_797.png,1
image_798.png,1
image_799.png,1
image_800.png,1
image_801.png,1
image_802.png,1
image_803.png,1
image_804.png,1
image_805.png,1
image_806.png,1
image_807.png,1
image_808.png,1
image_809.png,1
image_810.png,1
image_811.png,1
image_812.png,1
image_813.png,1
image_814.png,1
image_815.png,1
image_816.png,1
image_817.png,1
image_818.png,1
image_819.png,1
image_820.png,1
image_821.png,1
image_822.png,1
image_823.png,1
image_824.png,1
image_825.png,1
image_826.png,1
image_827.png,1
image_828.png,1
image_829.png,1
image_830.png,1
image_831.png,1
image_832.png,1
image_833.png,1
image_834.png,1
image_835.png,1
image_836.png,1
image_837.png,1
image_838.png,1
image_839.png,1
image_840.png,1
image_841.png,1
image_842.png,1
image_843.png,1
image_844.png,1
image_845.png,1
image_846.png,1
image_847.png,1
image_848.png,1
image_849.png,1
image_850.png,1
image_851.png,1
image_852.png,1
image_853.png,1
image_854.png,1
image_855.png,1
image_856.png,1
image_857.png,1
image_858.png,1
image_859.png,1
image_860.png,1
image_861.png,1
image_862.png,1
image_863.png,1
image_864.png,1
image_865.png,1
image_866.png,1
image_867.png,1
image_868.png,1
image_869.png,1
image_870.png,1
image_871.png,1
image_872.png,1
image_873.png,1
image_874.png,1
image_875.png,1
image_876.png,1
image_877.png,1
image_878.png,1
image_879.png,1
image_880.png,1
image_881.png,1
image_882.png,1
image_883.png,1
image_884.png,1
image_885.png,1
image_886.png,1
image_887.png,1
image_888.png,1
image_889.png,1
image_890.png,1
image_891.png,1
image_892.png,1
image_893.png,1
image_894.png,1
image_895.png,1
image_896.png,1
image_897.png,1
image_898.png,1
image_899.png,1
image_900.png,1
image_901.png,1
image_902.png,1
image_903.png,1
image_904.png,1
image_905.png,1
image_906.png,1
image_907.png,1
image_908.png,1
image_909.png,1
image_910.png,1
image_911.png,1
image_912.png,1
image_913.png,1
image_914.png,1
image_915.png,1
image_916.png,1
image_917.png,1
image_918.png,1
image_919.png,1
image_920.png,1
image_921.png,1
image_922.png,1
image_923.png,1
image_924.png,1
image_925.png,1
image_926.png,1
image_927.png,1
image_928.png,1
image_929.png,1
image_930.png,1
image_931.png,1
image_932.png,1
image_933.png,1
image_934.png,1
image_935.png,1
image_936.png,1
image_937.png,1
image_938.png,1
image_939.png,1
image_940.png,1
image_941.png,1
image_942.png,1
image_943.png,1
image_944.png,1
image_945.png,1
image_946.png,1
image_947.png,1
image_948.png,1
image_949.png,1
image_950.png,1
image_951.png,1
image_952.png,1
image_953.png,1
image_954.png,1
image_955.png,1
image_956.png,1
image_957.png,1
image_958.png,1
image_959.png,1
image_960.png,1
image_961.png,1
image_962.png,1
image_963.png,1
image_964.png,1
image_965.png,1
image_966.png,1
image_967.png,1
image_968.png,1
image_969.png,1
image_970.png,1
image_971.png,1
image_972.png,1
image_973.png,1
image_974.png,1
image_975.png,1
image_976.png,1
image_977.png,1
image_978.png,1
image_979.png,1
image_980.png,1
image_981.png,1
image_982.png,1
image_983.png,1
image_984.png,1
image_985.png,1
image_986.png,1
image_987.png,1
image_988.png,1
image_989.png,1
image_990.png,1
image_991.png,1
image_992.png,1
image_993.png,1
image_994.png,1
image_995.png,1
image_996.png,1
image_997.png,1
image_998.png,1
image_999.png,1
image_1000.png,1
image_1001.png,0
image_1002.png,0
image_1003.png,0
image_1004.png,0
image_1005.png,0
image_1006.png,0
image_1007.png,0
image_1008.png,0
image_1009.png,0
image_1010.png,0
image_1011.png,0
image_1012.png,0
image_1013.png,0
image_1014.png,0
image_1015.png,0
image_1016.png,0
image_1017.png,0
image_1018.png,0
image_1019.png,0
image_1020.png,0
image_1021.png,0
image_1022.png,0
image_1023.png,0
image_1024.png,0
image_1025.png,0
image_1026.png,0
image_1027.png,0
image_1028.png,0
image_1029.png,0
image_1030.png,0
image_1031.png,0
image_1032.png,0
image_1033.png,0
image_1034.png,0
image_1035.png,0
image_1036.png,0
image_1037.png,0
image_1038.png,0
image_1039.png,0
image_1040.png,0
image_1041.png,0
image_1042.png,0
image_1043.png,0
image_1044.png,0
image_1045.png,0
image_1046.png,0
image_1047.png,0
image_1048.png,0
image_1049.png,0
image_1050.png,0
image_1051.png,0
image_1052.png,0
image_1053.png,0
image_1054.png,0
image_1055.png,0
image_1056.png,0
image_1057.png,0
image_1058.png,0
image_1059.png,0
image_1060.png,0
image_1061.png,0
image_1062.png,0
image_1063.png,0
image_1064.png,0
image_1065.png,0
image_1066.png,0
image_1067.png,0
image_1068.png,0
image_1069.png,0
image_1070.png,0
image_1071.png,0
image_1072.png,0
image_1073.png,0
image_1074.png,0
image_1075.png,0
image_1076.png,0
image_1077.png,0
image_1078.png,0
image_1079.png,0
image_1080.png,0
image_1081.png,0
image_1082.png,0
image_1083.png,0
image_1084.png,0
image_1085.png,0
image_1086.png,0
image_1087.png,0
image_1088.png,0
image_1089.png,0
image_1090.png,0
image_1091.png,0
image_1092.png,0
image_1093.png,0
image_1094.png,0
image_1095.png,0
image_1096.png,0
image_1097.png,0
image_1098.png,0
image_1099.png,0
image_1100.png,0
image_1101.png,0
image_1102.png,0
image_1103.png,0
image_1104.png,0
image_1105.png,0
image_1106.png,0
image_1107.png,0
image_1108.png,0
image_1109.png,0
image_1110.png,0
image_1111.png,0
image_1112.png,0
image_1113.png,0
image_1114.png,0
image_1115.png,0
image_1116.png,0
image_1117.png,0
image_1118.png,0
image_1119.png,0
image_1120.png,0
image_1121.png,0
image_1122.png,0
image_1123.png,0
image_1124.png,0
image_1125.png,0
image_1126.png,0
image_1127.png,0
image_1128.png,0
image_1129.png,0
image_1130.png,0
image_1131.png,0
image_1132.png,0
image_1133.png,0
image_1134.png,0
image_1135.png,0
image_1136.png,0
image_1137.png,0
image_1138.png,0
image_1139.png,0
image_1140.png,0
image_1141.png,0
image_1142.png,0
image_1143.png,0
image_1144.png,0
image_1145.png,0
image_1146.png,0
image_1147.png,0
image_1148.png,0
image_1149.png,0
image_1150.png,0
image_1151.png,0
image_1152.png,0
image_1153.png,0
image_1154.png,0
image_1155.png,0
image_1156.png,0
image_1157.png,0
image_1158.png,0
image_1159.png,0
image_1160.png,0
image_1161.png,0
image_1162.png,0
image_1163.png,0
image_1164.png,0
image_1165.png,0
image_1166.png,0
image_1167.png,0
image_1168.png,0
image_1169.png,0
image_1170.png,0
image_1171.png,0
image_1172.png,0
image_1173.png,0
image_1174.png,0
image_1175.png,0
image_1176.png,0
image_1177.png,0
image_1178.png,0
image_1179.png,0
image_1180.png,0
image_1181.png,0
image_1182.png,0
image_1183.png,0
image_1184.png,0
image_1185.png,0
image_1186.png,0
image_1187.png,0
image_1188.png,0
image_1189.png,0
image_1190.png,0
image_1191.png,0
image_1192.png,0
image_1193.png,0
image_1194.png,0
image_1195.png,0
image_1196.png,0
image_1197.png,0
image_1198.png,0
image_1199.png,0
image_1200.png,0
image_1201.png,0
image_1202.png,0
image_1203.png,0
image_1204.png,0
image_1205.png,0
image_1206.png,0
image_1207.png,0
image_1208.png,0
image_1209.png,0
image_1210.png,0
image_1211.png,0
image_1212.png,0
image_1213.png,0
image_1214.png,0
image_1215.png,0
image_1216.png,0
image_1217.png,0
image_1218.png,0
image_1219.png,0
image_1220.png,0
image_1221.png,0
image_1222.png,0
image_1223.png,0
image_1224.png,0
image_1225.png,0
image_1226.png,0
image_1227.png,0
image_1228.png,0
image_1229.png,0
image_1230.png,0
image_1231.png,0
image_1232.png,0
image_1233.png,0
image_1234.png,0
image_1235.png,0
image_1236.png,0
image_1237.png,0
image_1238.png,0
image_1239.png,0
image_1240.png,0
image_1241.png,0
image_1242.png,0
image_1243.png,0
image_1244.png,0
image_1245.png,0
image_1246.png,0
image_1247.png,0
image_1248.png,0
image_1249.png,0
image_1250.png,0
image_1251.png,0
image_1252.png,0
image_1253.png,0
image_1254.png,0
image_1255.png,0
image_1256.png,0
image_1257.png,0
image_1258.png,0
image_1259.png,0
image_1260.png,0
image_1261.png,0
image_1262.png,0
image_1263.png,0
image_1264.png,0
image_1265.png,0
image_1266.png,0
image_1267.png,0
image_1268.png,0
image_1269.png,0
image_1270.png,0
image_1271.png,0
image_1272.png,0
image_1273.png,0
image_1274.png,0
image_1275.png,0
image_1276.png,0
image_1277.png,0
image_1278.png,0
image_1279.png,0
image_1280.png,0
image_1281.png,0
image_1282.png,0
image_1283.png,0
image_1284.png,0
image_1285.png,0
image_1286.png,0
image_1287.png,0
image_1288.png,0
image_1289.png,0
image_1290.png,0
image_1291.png,0
image_1292.png,0
image_1293.png,0
image_1294.png,0
image_1295.png,0
image_1296.png,0
image_1297.png,0
image_1298.png,0
image_1299.png,0
image_1300.png,0
image_1301.png,0
image_1302.png,0
image_1303.png,0
image_1304.png,0
image_1305.png,0
image_1306.png,0
image_1307.png,0
image_1308.png,0
image_1309.png,0
image_1310.png,0
image_1311.png,0
image_1312.png,0
image_1313.png,0
image_1314.png,0
image_1315.png,0
image_1316.png,0
image_1317.png,0
image_1318.png,0
image_1319.png,0
image_1320.png,0
image_1321.png,0
image_1322.png,0
image_1323.png,0
image_1324.png,0
image_1325.png,0
image_1326.png,0
image_1327.png,0
image_1328.png,0
image_1329.png,0
image_1330.png,0
image_1331.png,0
image_1332.png,0
image_1333.png,0
image_1334.png,0
image_1335.png,0
image_1336.png,0
image_1337.png,0
image_1338.png,0
image_1339.png,0
image_1340.png,0
image_1341.png,0
image_1342.png,0
image_1343.png,0
image_1344.png,0
image_1345.png,0
image_1346.png,0
image_1347.png,0
image_1348.png,0
image_1349.png,0
image_1350.png,0
image_1351.png,0
image_1352.png,0
image_1353.png,0
image_1354.png,0
image_1355.png,0
image_1356.png,0
image_1357.png,0
image_1358.png,0
image_1359.png,0
image_1360.png,0
image_1361.png,0
image_1362.png,0
image_1363.png,0
image_1364.png,0
image_1365.png,0
image_1366.png,0
image_1367.png,0
image_1368.png,0
image_1369.png,0
image_1370.png,0
image_1371.png,0
image_1372.png,0
image_1373.png,0
image_1374.png,0
image_1375.png,0
image_1376.png,0
image_1377.png,0
image_1378.png,0
image_1379.png,0
image_1380.png,0
image_1381.png,0
image_1382.png,0
image_1383.png,0
image_1384.png,0
image_1385.png,0
image_1386.png,0
image_1387.png,0
image_1388.png,0
image_1389.png,0
image_1390.png,0
image_1391.png,0
image_1392.png,0
image_1393.png,0
image_1394.png,0
image_1395.png,0
image_1396.png,0
image_1397.png,0
image_1398.png,0
image_1399.png,0
image_1400.png,0
image_1401.png,0
image_1402.png,0
image_1403.png,0
image_1404.png,0
image_1405.png,0
image_1406.png,0
image_1407.png,0
image_1408.png,0
image_1409.png,0
image_1410.png,0
image_1411.png,0
image_1412.png,0
image_1413.png,0
image_1414.png,0
image_1415.png,0
image_1416.png,0
image_1417.png,0
image_1418.png,0
image_1419.png,0
image_1420.png,0
image_1421.png,0
image_1422.png,0
image_1423.png,0
image_1424.png,0
image_1425.png,0
image_1426.png,0
image_1427.png,0
image_1428.png,0
image_1429.png,0
image_1430.png,0
image_1431.png,0
image_1432.png,0
image_1433.png,0
image_1434.png,0
image_1435.png,0
image_1436.png,0
image_1437.png,0
image_1438.png,0
image_1439.png,0
image_1440.png,0
image_1441.png,0
image_1442.png,0
image_1443.png,0
image_1444.png,0
image_1445.png,0
image_1446.png,0
image_1447.png,0
image_1448.png,0
image_1449.png,0
image_1450.png,0
image_1451.png,0
image_1452.png,0
image_1453.png,0
image_1454.png,0
image_1455.png,0
image_1456.png,0
image_1457.png,0
image_1458.png,0
image_1459.png,0
image_1460.png,0
image_1461.png,0
image_1462.png,0
image_1463.png,0
image_1464.png,0
image_1465.png,0
image_1466.png,0
image_1467.png,0
image_1468.png,0
image_1469.png,0
image_1470.png,0
image_1471.png,0
image_1472.png,0
image_1473.png,0
image_1474.png,0
image_1475.png,0
image_1476.png,0
image_1477.png,0
image_1478.png,0
image_1479.png,0
image_1480.png,0
image_1481.png,0
image_1482.png,0
image_1483.png,0
image_1484.png,0
image_1485.png,0
image_1486.png,0
image_1487.png,0
image_1488.png,0
image_1489.png,0
image_1490.png,0
image_1491.png,0
image_1492.png,0
image_1493.png,0
image_1494.png,0
image_1495.png,0
image_1496.png,0
image_1497.png,0
image_1498.png,0
image_1499.png,0
image_1500.png,0
image_1501.png,0
image_1502.png,0
image_1503.png,0
image_1504.png,0
image_1505.png,0
image_1506.png,0
image_1507.png,0
image_1508.png,0
image_1509.png,0
image_1510.png,0
image_1511.png,0
image_1512.png,0
image_1513.png,0
image_1514.png,0
image_1515.png,0
image_1516.png,0
image_1517.png,0
image_1518.png,0
image_1519.png,0
image_1520.png,0
image_1521.png,0
image_1522.png,0
image_1523.png,0
image_1524.png,0
image_1525.png,0
image_1526.png,0
image_1527.png,0
image_1528.png,0
image_1529.png,0
image_1530.png,0
image_1531.png,0
image_1532.png,0
image_1533.png,0
image_1534.png,0
image_1535.png,0
image_1536.png,0
image_1537.png,0
image_1538.png,0
image_1539.png,0
image_1540.png,0
image_1541.png,0
image_1542.png,0
image_1543.png,0
image_1544.png,0
image_1545.png,0
image_1546.png,0
image_1547.png,0
image_1548.png,0
image_1549.png,0
image_1550.png,0
image_1551.png,0
image_1552.png,0
image_1553.png,0
image_1554.png,0
image_1555.png,0
image_1556.png,0
image_1557.png,0
image_1558.png,0
image_1559.png,0
image_1560.png,0
image_1561.png,0
image_1562.png,0
image_1563.png,0
image_1564.png,0
image_1565.png,0
image_1566.png,0
image_1567.png,0
image_1568.png,0
image_1569.png,0
image_1570.png,0
image_1571.png,0
image_1572.png,0
image_1573.png,0
image_1574.png,0
image_1575.png,0
image_1576.png,0
image_1577.png,0
image_1578.png,0
image_1579.png,0
image_1580.png,0
image_1581.png,0
image_1582.png,0
image_1583.png,0
image_1584.png,0
image_1585.png,0
image_1586.png,0
image_1587.png,0
image_1588.png,0
image_1589.png,0
image_1590.png,0
image_1591.png,0
image_1592.png,0
image_1593.png,0
image_1594.png,0
image_1595.png,0
image_1596.png,0
image_1597.png,0
image_1598.png,0
image_1599.png,0
image_1600.png,0
image_1601.png,0
image_1602.png,0
image_1603.png,0
image_1604.png,0
image_1605.png,0
image_1606.png,0
image_1607.png,0
image_1608.png,0
image_1609.png,0
image_1610.png,0
image_1611.png,0
image_1612.png,0
image_1613.png,0
image_1614.png,0
image_1615.png,0
image_1616.png,0
image_1617.png,0
image_1618.png,0
image_1619.png,0
image_1620.png,0
image_1621.png,0
image_1622.png,0
image_1623.png,0
image_1624.png,0
image_1625.png,0
image_1626.png,0
image_1627.png,0
image_1628.png,0
image_1629.png,0
image_1630.png,0
image_1631.png,0
image_1632.png,0
image_1633.png,0
image_1634.png,0
image_1635.png,0
image_1636.png,0
image_1637.png,0
image_1638.png,0
image_1639.png,0
image_1640.png,0
image_1641.png,0
image_1642.png,0
image_1643.png,0
image_1644.png,0
image_1645.png,0
image_1646.png,0
image_1647.png,0
image_1648.png,0
image_1649.png,0
image_1650.png,0
image_1651.png,0
image_1652.png,0
image_1653.png,0
image_1654.png,0
image_1655.png,0
image_1656.png,0
image_1657.png,0
image_1658.png,0
image_1659.png,0
image_1660.png,0
image_1661.png,0
image_1662.png,0
image_1663.png,0
image_1664.png,0
image_1665.png,0
image_1666.png,0
image_1667.png,0
image_1668.png,0
image_1669.png,0
image_1670.png,0
image_1671.png,0
image_1672.png,0
image_1673.png,0
image_1674.png,0
image_1675.png,0
image_1676.png,0
image_1677.png,0
image_1678.png,0
image_1679.png,0
image_1680.png,0
image_1681.png,0
image_1682.png,0
image_1683.png,0
image_1684.png,0
image_1685.png,0
image_1686.png,0
image_1687.png,0
image_1688.png,0
image_1689.png,0
image_1690.png,0
image_1691.png,0
image_1692.png,0
image_1693.png,0
image_1694.png,0
image_1695.png,0
image_1696.png,0
image_1697.png,0
image_1698.png,0
image_1699.png,0
image_1700.png,0
image_1701.png,0
image_1702.png,0
image_1703.png,0
image_1704.png,0
image_1705.png,0
image_1706.png,0
image_1707.png,0
image_1708.png,0
image_1709.png,0
image_1710.png,0
image_1711.png,0
image_1712.png,0
image_1713.png,0
image_1714.png,0
image_1715.png,0
image_1716.png,0
image_1717.png,0
image_1718.png,0
image_1719.png,0
image_1720.png,0
image_1721.png,0
image_1722.png,0
image_1723.png,0
image_1724.png,0
image_1725.png,0
image_1726.png,0
image_1727.png,0
image_1728.png,0
image_1729.png,0
image_1730.png,0
image_1731.png,0
image_1732.png,0
image_1733.png,0
image_1734.png,0
image_1735.png,0
image_1736.png,0
image_1737.png,0
image_1738.png,0
image_1739.png,0
image_1740.png,0
image_1741.png,0
image_1742.png,0
image_1743.png,0
image_1744.png,0
image_1745.png,0
image_1746.png,0
image_1747.png,0
image_1748.png,0
image_1749.png,0
image_1750.png,0
image_1751.png,0
image_1752.png,0
image_1753.png,0
image_1754.png,0
image_1755.png,0
image_1756.png,0
image_1757.png,0
image_1758.png,0
image_1759.png,0
image_1760.png,0
image_1761.png,0
image_1762.png,0
image_1763.png,0
image_1764.png,0
image_1765.png,0
image_1766.png,0
image_1767.png,0
image_1768.png,0
image_1769.png,0
image_1770.png,0
image_1771.png,0
image_1772.png,0
image_1773.png,0
image_1774.png,0
image_1775.png,0
image_1776.png,0
image_1777.png,0
image_1778.png,0
image_1779.png,0
image_1780.png,0
image_1781.png,0
image_1782.png,0
image_1783.png,0
image_1784.png,0
image_1785.png,0
image_1786.png,0
image_1787.png,0
image_1788.png,0
image_1789.png,0
image_1790.png,0
image_1791.png,0
image_1792.png,0
image_1793.png,0
image_1794.png,0
image_1795.png,0
image_1796.png,0
image_1797.png,0
image_1798.png,0
image_1799.png,0
image_1800.png,0
image_1801.png,0
image_1802.png,0
image_1803.png,0
image_1804.png,0
image_1805.png,0
image_1806.png,0
image_1807.png,0
image_1808.png,0
image_1809.png,0
image_1810.png,0
image_1811.png,0
image_1812.png,0
image_1813.png,0
image_1814.png,0
image_1815.png,0
image_1816.png,0
image_1817.png,0
image_1818.png,0
image_1819.png,0
image_1820.png,0
image_1821.png,0
image_1822.png,0
image_1823.png,0
image_1824.png,0
image_1825.png,0
image_1826.png,0
image_1827.png,0
image_1828.png,0
image_1829.png,0
image_1830.png,0
image_1831.png,0
image_1832.png,0
image_1833.png,0
image_1834.png,0
image_1835.png,0
image_1836.png,0
image_1837.png,0
image_1838.png,0
image_1839.png,0
image_1840.png,0
image_1841.png,0
image_1842.png,0
image_1843.png,0
image_1844.png,0
image_1845.png,0
image_1846.png,0
image_1847.png,0
image_1848.png,0
image_1849.png,0
image_1850.png,0
image_1851.png,0
image_1852.png,0
image_1853.png,0
image_1854.png,0
image_1855.png,0
image_1856.png,0
image_1857.png,0
image_1858.png,0
image_1859.png,0
image_1860.png,0
image_1861.png,0
image_1862.png,0
image_1863.png,0
image_1864.png,0
image_1865.png,0
image_1866.png,0
image_1867.png,0
image_1868.png,0
image_1869.png,0
image_1870.png,0
image_1871.png,0
image_1872.png,0
image_1873.png,0
image_1874.png,0
image_1875.png,0
image_1876.png,0
image_1877.png,0
image_1878.png,0
image_1879.png,0
image_1880.png,0
image_1881.png,0
image_1882.png,0
image_1883.png,0
image_1884.png,0
image_1885.png,0
image_1886.png,0
image_1887.png,0
image_1888.png,0
image_1889.png,0
image_1890.png,0
image_1891.png,0
image_1892.png,0
image_1893.png,0
image_1894.png,0
image_1895.png,0
image_1896.png,0
image_1897.png,0
image_1898.png,0
image_1899.png,0
image_1900.png,0
image_1901.png,0
image_1902.png,0
image_1903.png,0
image_1904.png,0
image_1905.png,0
image_1906.png,0
image_1907.png,0
image_1908.png,0
image_1909.png,0
image_1910.png,0
image_1911.png,0
image_1912.png,0
image_1913.png,0
image_1914.png,0
image_1915.png,0
image_1916.png,0
image_1917.png,0
image_1918.png,0
image_1919.png,0
image_1920.png,0
image_1921.png,0
image_1922.png,0
image_1923.png,0
image_1924.png,0
image_1925.png,0
image_1926.png,0
image_1927.png,0
image_1928.png,0
image_1929.png,0
image_1930.png,0
image_1931.png,0
image_1932.png,0
image_1933.png,0
image_1934.png,0
image_1935.png,0
image_1936.png,0
image_1937.png,0
image_1938.png,0
image_1939.png,0
image_1940.png,0
image_1941.png,0
image_1942.png,0
image_1943.png,0
image_1944.png,0
image_1945.png,0
image_1946.png,0
image_1947.png,0
image_1948.png,0
image_1949.png,0
image_1950.png,0
image_1951.png,0
image_1952.png,0
image_1953.png,0
image_1954.png,0
image_1955.png,0
image_1956.png,0
image_1957.png,0
image_1958.png,0
image_1959.png,0
image_1960.png,0
image_1961.png,0
image_1962.png,0
image_1963.png,0
image_1964.png,0
image_1965.png,0
image_1966.png,0
image_1967.png,0
image_1968.png,0
image_1969.png,0
image_1970.png,0
image_1971.png,0
image_1972.png,0
image_1973.png,0
image_1974.png,0
image_1975.png,0
image_1976.png,0
image_1977.png,0
image_1978.png,0
image_1979.png,0
image_1980.png,0
image_1981.png,0
image_1982.png,0
image_1983.png,0
image_1984.png,0
image_1985.png,0
image_1986.png,0
image_1987.png,0
image_1988.png,0
image_1989.png,0
image_1990.png,0
image_1991.png,0
image_1992.png,0
image_1993.png,0
image_1994.png,0
image_1995.png,0
image_1996.png,0
image_1997.png,0
image_1998.png,0
image_1999.png,0
image_2000.png,0
